country,1990,1991,1992,1993,1994,1995,1996,1997,1998,1999,2000,2001,2002,2003,2004,2005,2006,2007,2008,2009,2010,2011,2012,2013,2014,2015,2016,2017,2018,2019
Aruba,1.87B,1.98B,2.13B,2.3B,2.36B,2.39B,2.56B,2.61B,2.64B,2.84B,2.75B,2.66B,2.72B,2.93B,2.97B,3B,3.05B,3.05B,2.73B,2.63B,2.72B,2.68B,2.79B,2.8B,2.96B,3.03B,3.09B,,,
Afghanistan,,,,,,,,,,,,7.23B,7.87B,7.98B,8.87B,9.35B,10.6B,11.1B,13.4B,15.4B,15.4B,17.4B,18.4B,18.9B,19.1B,19.6B,20.1B,20.3B,21.1B,20.6B
Angola,35.9B,33.8B,25.7B,26B,29.9B,34B,36.5B,38.2B,39B,40.2B,41.9B,47.6B,49B,54.4B,62.6B,69.8B,79.6B,88.5B,89.2B,93.2B,96.4B,105B,110B,115B,116B,113B,113B,111B,110B,104B
Albania,3.8B,3.53B,3.86B,4.19B,4.74B,5.18B,4.61B,5.02B,5.66B,6.06B,6.56B,6.86B,7.24B,7.64B,8.06B,8.53B,9.04B,9.72B,10B,10.4B,10.7B,10.8B,10.9B,11.1B,11.4B,11.8B,12.2B,12.7B,13B,12.5B
Andorra,1.68B,1.7B,1.68B,1.72B,1.77B,1.85B,2.01B,2.08B,2.16B,2.24B,2.42B,2.53B,2.75B,2.98B,3.14B,3.29B,3.34B,3.15B,2.99B,2.93B,2.93B,2.78B,2.68B,2.75B,2.79B,2.89B,2.9B,2.95B,3.01B,2.65B
United Arab Emirates,122B,126B,127B,136B,145B,154B,166B,167B,172B,190B,193B,198B,215B,236B,247B,271B,280B,289B,274B,278B,297B,311B,326B,341B,358B,369B,378B,382B,395B,371B
Argentina,290B,313B,339B,359B,348B,368B,397B,413B,399B,396B,378B,337B,367B,400B,435B,470B,513B,533B,502B,553B,586B,580B,594B,579B,595B,582B,599B,583B,571B,515B
Armenia,5.16B,3B,2.74B,2.88B,3.08B,3.26B,3.37B,3.62B,3.74B,3.96B,4.34B,4.91B,5.6B,6.19B,7.05B,7.98B,9.07B,9.7B,8.33B,8.51B,8.91B,9.56B,9.87B,10.2B,10.6B,10.6B,11.4B,12B,12.9B,11.9B
American Samoa,,,,,,,,,,,,745M,752M,755M,752M,721M,735M,715M,685M,687M,687M,658M,641M,652M,673M,662M,615M,632M,629M,653M
Antigua and Barbuda,759M,768M,808M,862M,825M,879M,927M,971M,1.01B,1.07B,1.02B,1.03B,1.09B,1.16B,1.23B,1.39B,1.52B,1.52B,1.34B,1.23B,1.21B,1.25B,1.24B,1.29B,1.34B,1.41B,1.45B,1.55B,1.63B,1.3B
Australia,628B,631B,657B,683B,709B,736B,765B,800B,840B,873B,890B,926B,955B,995B,1.03TR,1.05TR,1.09TR,1.13TR,1.15TR,1.18TR,1.21TR,1.26TR,1.29TR,1.32TR,1.35TR,1.39TR,1.42TR,1.46TR,1.49TR,1.49TR
Austria,249B,254B,255B,262B,269B,275B,281B,291B,301B,311B,315B,320B,323B,332B,340B,351B,364B,370B,356B,362B,373B,376B,376B,378B,382B,390B,398B,408B,414B,387B
Azerbaijan,20.1B,15.6B,12B,9.61B,8.47B,8.58B,9.08B,9.99B,10.7B,11.9B,13.1B,14.3B,15.8B,17.3B,22.1B,29.7B,37.1B,41.1B,44.9B,47.2B,47.3B,48.3B,51.1B,52.5B,53.1B,51.4B,51.5B,52.3B,53.6B,51.3B
Burundi,2.51B,2.53B,2.37B,2.28B,2.1B,1.93B,1.9B,1.99B,1.97B,1.96B,2B,2.08B,2.06B,2.16B,2.18B,2.3B,2.38B,2.49B,2.59B,2.72B,2.83B,2.95B,3.1B,3.23B,3.1B,3.09B,3.1B,3.15B,3.21B,3.22B
Belgium,299B,303B,300B,310B,318B,322B,334B,341B,353B,366B,370B,376B,380B,394B,403B,413B,428B,430B,421B,433B,441B,444B,446B,453B,462B,468B,476B,484B,495B,467B
Benin,4.13B,4.25B,4.5B,4.59B,4.86B,5.07B,5.36B,5.58B,5.88B,6.22B,6.55B,6.86B,7.09B,7.41B,7.53B,7.83B,8.3B,8.7B,8.91B,9.09B,9.36B,9.81B,10.5B,11.2B,11.4B,11.8B,12.4B,13.3B,14.2B,14.7B
Burkina Faso,3.32B,3.33B,3.44B,3.49B,3.69B,4.09B,4.35B,4.67B,5.01B,5.11B,5.45B,5.68B,6.13B,6.4B,6.95B,7.39B,7.69B,8.14B,8.38B,9.09B,9.69B,10.3B,10.9B,11.4B,11.8B,12.5B,13.3B,14.2B,15B,15.3B
Bangladesh,54.7B,57.7B,60.4B,62.7B,65.9B,68.9B,72B,75.7B,79.3B,83.5B,87.7B,91.1B,95.4B,100B,107B,114B,122B,129B,136B,144B,153B,163B,173B,183B,195B,209B,224B,242B,262B,271B
Bulgaria,35.3B,32.8B,32.3B,32.9B,33.8B,35.6B,30.5B,31.7B,29B,30.4B,31.5B,33.4B,35.1B,37.4B,40.1B,42.8B,45.6B,48.4B,46.8B,47.5B,48.5B,48.9B,48.6B,49.1B,50.8B,52.3B,53.8B,55.2B,57.4B,54.9B
Bahrain,10B,10.7B,12.1B,12B,12.5B,13B,13.4B,14.1B,14.7B,15.4B,15.8B,16.4B,17.4B,18.6B,19.9B,21.2B,22.9B,24.3B,25B,26B,26.6B,27.5B,29B,30.3B,31.1B,32.2B,33.5B,34.3B,35B,33.2B
Bahamas,8.26B,7.94B,7.97B,8.22B,8.58B,8.94B,9.56B,9.13B,10.2B,10.7B,10.9B,11.2B,11.1B,11.2B,11.6B,11.9B,12B,11.8B,11.3B,11.4B,11.5B,11.9B,11.4B,11.7B,11.9B,11.9B,12.1B,12.4B,12.5B,10.7B
Bosnia and Herzegovina,,,,2.44B,2.94B,5.56B,7.48B,8.64B,9.47B,10.7B,10.9B,11.5B,11.9B,12.7B,13.2B,13.9B,14.7B,15.5B,15B,15.2B,15.3B,15.2B,15.6B,15.7B,16.2B,16.7B,17.3B,17.9B,18.4B,17.8B
Belarus,29.1B,26.3B,24.3B,21.5B,19.2B,19.8B,22B,23.9B,24.7B,26.1B,27.3B,28.7B,30.8B,34.3B,37.5B,41.2B,44.8B,49.4B,49.5B,53.3B,56.2B,57.1B,57.7B,58.7B,56.5B,55B,56.4B,58.2B,59B,58.5B
Belize,658M,737M,784M,785M,790M,801M,830M,861M,936M,1.06B,1.11B,1.16B,1.27B,1.33B,1.35B,1.42B,1.43B,1.48B,1.48B,1.52B,1.55B,1.59B,1.61B,1.68B,1.72B,1.72B,1.75B,1.8B,1.84B,1.58B
Bermuda,4.95B,4.94B,5.09B,5.12B,5.35B,5.49B,5.74B,5.96B,6.17B,6.74B,7.23B,7.12B,7.36B,7.53B,7.66B,8.08B,8.35B,8.2B,7.74B,7.54B,7.26B,6.88B,6.86B,6.6B,6.65B,6.61B,6.85B,6.82B,6.85B,6.42B
Bolivia,12.6B,12.8B,13.4B,14B,14.6B,15.3B,16B,16.8B,16.9B,17.3B,17.6B,18.1B,18.6B,19.3B,20.2B,21.2B,22.1B,23.5B,24.3B,25.3B,26.6B,27.9B,29.8B,31.5B,33B,34.4B,35.9B,37.4B,38.2B,34.8B
Brazil,927B,922B,967B,1.02TR,1.07TR,1.09TR,1.13TR,1.13TR,1.14TR,1.19TR,1.2TR,1.24TR,1.25TR,1.33TR,1.37TR,1.42TR,1.51TR,1.59TR,1.58TR,1.7TR,1.77TR,1.8TR,1.86TR,1.87TR,1.8TR,1.74TR,1.77TR,1.8TR,1.82TR,1.75TR
Barbados,3.77B,3.55B,3.58B,3.65B,3.73B,3.87B,4.06B,4.21B,4.22B,4.41B,4.31B,4.34B,4.44B,4.5B,4.68B,4.95B,5.06B,5.1B,4.84B,4.73B,4.7B,4.67B,4.61B,4.6B,4.71B,4.83B,4.85B,4.83B,4.82B,3.91B
Brunei,9.38B,9.83B,9.86B,10.2B,10.6B,10.9B,10.8B,10.7B,11B,11.3B,11.7B,12.1B,12.5B,12.5B,12.6B,13.1B,13.1B,12.9B,12.7B,13B,13.5B,13.6B,13.3B,13B,12.9B,12.6B,12.8B,12.8B,13.3B,13.4B
Bhutan,416M,435M,443M,465M,498M,526M,554M,587M,634M,655M,710M,788M,849M,900M,966M,1.03B,1.22B,1.28B,1.37B,1.53B,1.65B,1.74B,1.78B,1.88B,2B,2.17B,2.27B,2.34B,2.47B,2.22B
Botswana,5.01B,5.16B,5.26B,5.45B,5.83B,6.17B,6.68B,6.71B,7.36B,7.51B,7.53B,7.98B,8.35B,8.58B,8.97B,9.72B,10.5B,11.2B,10.3B,11.2B,11.9B,12.4B,13.8B,14.4B,13.6B,14.5B,15.1B,15.7B,16.2B,14.8B
Central African Republic,1.48B,1.39B,1.39B,1.46B,1.57B,1.5B,1.58B,1.66B,1.72B,1.68B,1.75B,1.81B,1.72B,1.82B,1.84B,1.92B,2.01B,2.05B,2.23B,2.33B,2.43B,2.55B,1.62B,1.63B,1.7B,1.78B,1.86B,1.93B,1.98B,2B
Canada,,,,,,,934B,960B,998B,1.05TR,1.06TR,1.1TR,1.14TR,1.18TR,1.24TR,1.3TR,1.38TR,1.4TR,1.36TR,1.4TR,1.44TR,1.47TR,1.5TR,1.55TR,1.56TR,1.57TR,1.62TR,1.66TR,1.7TR,1.61TR
Switzerland,467B,467B,466B,472B,475B,477B,488B,503B,511B,532B,540B,540B,540B,555B,571B,594B,618B,635B,622B,642B,654B,662B,674B,691B,702B,717B,728B,749B,758B,740B
Chile,78.3B,87B,92.8B,97.4B,106B,113B,122B,127B,127B,133B,138B,142B,148B,158B,167B,178B,187B,193B,190B,201B,214B,225B,234B,238B,244B,248B,251B,260B,263B,248B
China,1.12TR,1.28TR,1.46TR,1.65TR,1.83TR,2.01TR,2.2TR,2.37TR,2.55TR,2.77TR,3TR,3.28TR,3.6TR,3.97TR,4.42TR,4.98TR,5.69TR,6.24TR,6.83TR,7.55TR,8.28TR,8.93TR,9.62TR,10.3TR,11.1TR,11.8TR,12.6TR,13.5TR,14.3TR,14.6TR
Cote d'Ivoire,22.8B,22.7B,22.7B,22.8B,24.5B,26.4B,28.9B,30.1B,30.5B,30.4B,29.8B,28.9B,27.6B,28.4B,28.7B,29.5B,29.9B,31.3B,32.4B,34.6B,32.8B,35.3B,39.1B,42.7B,45.8B,49.1B,52.7B,56.4B,59.9B,61B
Cameroon,14.8B,14.4B,13.2B,13.5B,13.9B,14.5B,15.1B,15.8B,16.5B,17.2B,17.9B,18.7B,19.7B,21.1B,21.6B,22.4B,23.4B,24.1B,24.7B,25.4B,26.2B,27.5B,28.8B,30.5B,32.2B,33.7B,34.9B,36.2B,37.5B,37.7B
"Congo, Dem. Rep.",26.9B,24.1B,20.9B,20B,20.2B,20B,18.9B,18.5B,17.8B,16.5B,16.2B,16.7B,17.6B,18.8B,19.9B,21B,22.3B,23.7B,24.4B,26.1B,27.9B,29.9B,32.4B,35.5B,37.9B,38.8B,40.3B,42.6B,44.5B,45.3B
"Congo, Rep.",5.73B,5.88B,5.82B,5.5B,5.72B,5.97B,5.93B,6.15B,5.99B,6.45B,6.69B,7B,7.06B,7.3B,7.87B,8.49B,7.93B,8.43B,9.41B,10.3B,10.6B,11.6B,11.5B,12.3B,11.9B,10.6B,10.1B,9.65B,9.64B,8.88B
Colombia,123B,128B,135B,143B,150B,153B,158B,159B,153B,157B,160B,164B,170B,179B,188B,200B,214B,221B,223B,233B,250B,259B,273B,285B,293B,300B,304B,311B,322B,300B
Comoros,500M,543M,560M,530M,549M,542M,564M,571M,582M,645M,660M,676M,690M,703M,723M,742M,748M,778M,803M,833M,868M,895M,936M,955M,966M,998M,1.04B,1.07B,1.09B,1.09B
Cape Verde,291M,323M,351M,418M,478M,532M,591M,665M,740M,845M,864M,909M,947M,1.04B,1.12B,1.21B,1.39B,1.48B,1.46B,1.48B,1.54B,1.56B,1.57B,1.58B,1.6B,1.67B,1.73B,1.81B,1.92B,1.63B
Costa Rica,19.3B,21B,22.5B,23.6B,24.5B,24.9B,26.2B,28.1B,29.3B,30.4B,31.5B,32.6B,34B,35.5B,36.9B,39.6B,42.8B,44.9B,44.5B,46.9B,48.9B,51.3B,52.6B,54.5B,56.4B,58.8B,61.3B,62.9B,64.3B,61.7B
Cuba,47.1B,41.7B,35.5B,35.7B,36.6B,39.5B,40.6B,40.6B,43.1B,45.7B,47.1B,47.8B,49.6B,52.5B,58.4B,65.4B,70.2B,73B,74.1B,75.9B,78B,80.4B,82.6B,83.4B,87.1B,87.6B,89.2B,91.2B,91B,81.1B
Cayman Islands,,,,,,,,,,,,,,,,4.63B,4.78B,4.76B,4.42B,4.3B,4.35B,4.4B,4.46B,4.58B,4.71B,4.86B,5.02B,5.23B,5.43B,5.06B
Cyprus,10B,11B,11B,11.7B,12.7B,12.8B,13.2B,14B,14.7B,15.5B,16.1B,16.7B,17.2B,18.1B,18.9B,19.8B,20.8B,21.6B,21.2B,21.6B,21.7B,20.9B,19.6B,19.2B,19.8B,21.1B,22.4B,23.6B,24.9B,23.6B
Czech Republic,106B,106B,106B,109B,116B,121B,120B,120B,121B,126B,130B,132B,137B,143B,153B,163B,172B,177B,169B,173B,176B,175B,174B,178B,188B,193B,203B,209B,216B,203B
Germany,2.46TR,2.51TR,2.48TR,2.54TR,2.58TR,2.6TR,2.65TR,2.7TR,2.76TR,2.84TR,2.88TR,2.88TR,2.86TR,2.89TR,2.91TR,3.02TR,3.11TR,3.14TR,2.96TR,3.09TR,3.21TR,3.22TR,3.24TR,3.31TR,3.36TR,3.43TR,3.52TR,3.56TR,3.6TR,3.44TR
Djibouti,,,,,,,,,,,,,,,,,,,,,,,2.11B,2.26B,2.43B,2.59B,2.73B,2.96B,3.19B,3.21B
Dominica,355M,362M,370M,370M,381M,393M,402M,417M,419M,428M,428M,416M,442M,456M,459M,480M,511M,547M,541M,544M,543M,537M,532M,556M,541M,555M,517M,528M,568M,474M
Denmark,205B,209B,209B,220B,227B,233B,241B,246B,253B,263B,265B,266B,267B,275B,281B,292B,295B,293B,279B,284B,288B,288B,291B,296B,303B,312B,321B,328B,335B,328B
Dominican Republic,20.2B,22.4B,24.1B,24.7B,26.1B,27.7B,30.1B,32.2B,34.1B,35.7B,36.5B,38.2B,37.7B,38.6B,42.3B,46.2B,49.6B,51.2B,51.7B,56B,57.7B,59.3B,62.2B,66.6B,71.2B,75.9B,79.4B,85B,89.3B,83.3B
Algeria,79.5B,80.9B,79.2B,78.5B,81.5B,84.8B,85.8B,90.2B,93B,96.6B,99.5B,105B,113B,117B,124B,126B,131B,134B,136B,141B,145B,150B,154B,160B,166B,171B,174B,175B,177B,168B
Ecuador,45.6B,46.5B,47.4B,49.5B,50.6B,51.4B,53.7B,55.4B,52.8B,53.4B,55.5B,57.8B,59.4B,64.2B,67.6B,70.6B,72.2B,76.8B,77.2B,79.9B,86.2B,91.1B,95.6B,99.2B,99.3B,98.1B,100B,102B,102B,93.8B
Egypt,116B,122B,125B,130B,136B,143B,151B,159B,169B,180B,186B,190B,197B,205B,214B,228B,245B,262B,274B,288B,294B,300B,307B,316B,329B,344B,358B,377B,398B,412B
Eritrea,,1.15B,1.31B,1.59B,1.63B,1.79B,1.93B,1.96B,1.96B,1.9B,2.07B,2.13B,2.07B,2.1B,2.16B,2.13B,2.16B,1.95B,2.03B,2.07B,2.25B,,,,,,,,,
Spain,756B,763B,755B,773B,795B,816B,846B,883B,923B,971B,1.01TR,1.04TR,1.07TR,1.1TR,1.14TR,1.19TR,1.23TR,1.24TR,1.2TR,1.2TR,1.19TR,1.15TR,1.14TR,1.15TR,1.2TR,1.23TR,1.27TR,1.3TR,1.32TR,1.18TR
Estonia,,,,,10.3B,10.8B,12.2B,12.7B,12.6B,13.9B,14.7B,15.7B,16.9B,18.1B,19.8B,21.8B,23.4B,22.2B,19B,19.4B,20.8B,21.5B,21.8B,22.5B,22.9B,23.6B,25B,26B,27.1B,26.3B
Ethiopia,12.3B,11.2B,12.7B,13.1B,13.9B,15.6B,16.1B,15.6B,16.4B,17.4B,18.8B,19.1B,18.7B,21.2B,23.7B,26.3B,29.3B,32.4B,35.3B,39.7B,44.2B,48B,53.1B,58.5B,64.6B,70.7B,77.4B,82.7B,89.6B,95.1B
Finland,147B,142B,141B,147B,153B,158B,168B,178B,185B,196B,201B,205B,209B,217B,223B,232B,244B,246B,226B,234B,240B,236B,234B,233B,235B,241B,249B,252B,255B,248B
Fiji,2.57B,2.73B,2.78B,2.93B,3B,3.14B,3.07B,3.11B,3.39B,3.33B,3.4B,3.51B,3.54B,3.73B,3.75B,3.82B,3.79B,3.83B,3.78B,3.89B,3.99B,4.05B,4.24B,4.48B,4.68B,4.8B,5.05B,5.25B,5.22B,4.4B
France,1.68TR,1.71TR,1.69TR,1.73TR,1.77TR,1.8TR,1.84TR,1.9TR,1.97TR,2.05TR,2.09TR,2.11TR,2.13TR,2.19TR,2.22TR,2.28TR,2.33TR,2.34TR,2.27TR,2.32TR,2.37TR,2.38TR,2.39TR,2.41TR,2.44TR,2.47TR,2.52TR,2.57TR,2.62TR,2.41TR
Faeroe Islands,,,,,,,,,,,,,,,,,,,,,,,,,2.52B,,,,,
"Micronesia, Fed. Sts.",261M,272M,294M,292M,313M,303M,284M,293M,297M,311M,318M,319M,324M,314M,321M,321M,315M,307M,310M,317M,328M,321M,310M,303M,316M,319M,328M,329M,332M,327M
Gabon,8.72B,8.45B,8.78B,9.11B,9.56B,9.91B,10.5B,10.8B,9.88B,9.69B,9.9B,9.87B,10.1B,10.2B,10.4B,10.1B,10.8B,10.4B,10.4B,11.1B,11.9B,12.6B,13.3B,13.8B,14.4B,14.7B,14.8B,14.9B,15.5B,15.2B
Isle of Man,1.96B,1.98B,2.03B,2.11B,2.2B,2.37B,2.58B,2.92B,3.33B,3.5B,3.69B,3.92B,4.15B,4.37B,4.63B,4.98B,5.36B,5.62B,5.74B,5.93B,6.05B,6.5B,6.76B,7.11B,7.09B,7.58B,7.93B,8.11B,8.13B,
United Kingdom,1.78TR,1.79TR,1.83TR,1.9TR,1.95TR,2TR,2.1TR,2.16TR,2.23TR,2.31TR,2.36TR,2.41TR,2.48TR,2.54TR,2.61TR,2.67TR,2.73TR,2.73TR,2.61TR,2.67TR,2.71TR,2.75TR,2.8TR,2.88TR,2.96TR,3.02TR,3.09TR,3.14TR,3.19TR,2.89TR
Georgia,13.4B,7.4B,5.23B,4.69B,4.81B,5.35B,5.91B,6.1B,6.27B,6.39B,6.69B,7.06B,7.84B,8.3B,9.09B,9.95B,11.2B,11.5B,11.1B,11.7B,12.6B,13.4B,13.9B,14.5B,15B,15.4B,16.1B,16.9B,17.8B,16.6B
Ghana,13.9B,14.4B,15.1B,15.6B,16.2B,17B,17.7B,18.5B,19.3B,20.1B,20.9B,21.8B,22.9B,24.2B,25.7B,27.3B,28.5B,31.1B,32.6B,35.2B,40.1B,43.8B,47B,48.4B,49.4B,51.1B,55.2B,58.6B,62.5B,62.7B
Guinea,3.62B,3.74B,3.93B,4.08B,4.27B,4.46B,4.69B,4.86B,5.05B,5.18B,5.37B,5.64B,5.71B,5.85B,6.02B,6.09B,6.51B,6.78B,6.7B,7.03B,7.42B,7.86B,8.17B,8.47B,8.79B,9.75B,10.7B,11.4B,12.1B,12.9B
Gambia,716M,741M,763M,764M,771M,788M,826M,855M,910M,960M,1.02B,983M,1.05B,1.12B,1.1B,1.09B,1.13B,1.2B,1.28B,1.35B,1.24B,1.31B,1.34B,1.32B,1.38B,1.4B,1.47B,1.58B,1.68B,1.67B
Guinea-Bissau,685M,693M,707M,730M,762M,851M,906M,651M,658M,694M,709M,702M,706M,725M,756M,774M,799M,825M,852M,892M,964M,947M,978M,988M,1.05B,1.11B,1.18B,1.19B,1.25B,1.22B
Equatorial Guinea,172M,232M,257M,300M,353M,587M,1.47B,1.82B,2.28B,2.7B,4.41B,5.27B,6.01B,8.29B,9.67B,10.4B,12B,14.2B,14.3B,13.1B,13.9B,15.1B,14.4B,14.5B,13.2B,12B,11.3B,10.6B,10B,9.51B
Greece,163B,164B,162B,165B,168B,173B,181B,188B,194B,201B,210B,218B,231B,242B,244B,258B,266B,265B,254B,240B,215B,200B,195B,196B,196B,195B,197B,200B,204B,185B
Grenada,517M,513M,503M,511M,522M,545M,573M,640M,684M,717M,703M,727M,796M,791M,896M,860M,913M,921M,860M,856M,862M,853M,873M,937M,997M,1.03B,1.08B,1.13B,1.13B,979M
Greenland,1.49B,1.41B,1.34B,1.42B,1.47B,1.5B,1.52B,1.64B,1.66B,1.78B,1.8B,1.78B,1.86B,1.99B,2.09B,2.2B,2.26B,2.4B,2.42B,2.46B,2.45B,2.48B,2.45B,2.56B,2.5B,2.62B,2.62B,2.67B,2.71B,
Guatemala,25.6B,26.9B,27.9B,29.1B,30.5B,31.4B,32.8B,34.4B,35.7B,37B,37.9B,39.4B,40.4B,41.6B,43B,45.3B,48.2B,49.7B,50B,51.4B,53.6B,55.2B,57.2B,59.7B,62.2B,63.9B,65.8B,68B,70.6B,69.6B
Guam,,,,,,,,,,,,4.8B,4.84B,5.16B,5.35B,5.15B,5.19B,5.29B,5.32B,5.44B,5.44B,5.56B,5.65B,5.75B,5.8B,5.81B,5.86B,5.82B,5.97B,5.26B
Guyana,1.89B,2.04B,2.2B,2.39B,2.51B,2.71B,2.88B,2.83B,2.92B,2.88B,2.94B,2.97B,2.96B,3B,2.94B,3.09B,3.32B,3.37B,3.5B,3.63B,3.83B,4.03B,4.18B,4.25B,4.28B,4.44B,4.61B,4.81B,5.07B,7.28B
"Hong Kong, China",129B,137B,145B,154B,158B,164B,173B,163B,167B,180B,181B,184B,189B,206B,221B,236B,252B,257B,251B,268B,280B,285B,294B,302B,309B,316B,328B,337B,332B,312B
Honduras,8.27B,8.77B,9.34B,9.36B,9.94B,10.1B,10.6B,11B,10.9B,11.7B,12B,12.5B,13B,13.8B,14.7B,15.6B,16.6B,17.3B,16.9B,17.5B,18.2B,18.9B,19.5B,20.1B,20.8B,21.6B,22.7B,23.6B,24.2B,22B
Croatia,,,,,33.6B,35.6B,37.7B,38.6B,38.2B,39.3B,40.5B,42.9B,45.2B,47.1B,49.1B,51.6B,54.1B,55.1B,51.1B,50.5B,50.4B,49.3B,49.1B,48.9B,50.2B,51.9B,53.7B,55.3B,57.2B,52.6B
Haiti,11.4B,10.7B,10.2B,8.95B,9.84B,10.2B,10.5B,10.8B,11B,11.1B,11.1B,11.2B,11.6B,11.5B,11.8B,12B,12.6B,12.9B,13.7B,12.9B,13.6B,13.6B,14.2B,14.5B,14.8B,15.1B,15.5B,15.7B,15.5B,15B
Hungary,78.8B,76.3B,75.9B,78.1B,79.3B,79.4B,81.9B,85.1B,87.7B,91.6B,95.3B,99.8B,104B,109B,114B,118B,119B,120B,112B,113B,115B,114B,116B,121B,125B,128B,133B,141B,147B,140B
Indonesia,289B,307B,327B,352B,381B,411B,430B,374B,376B,395B,409B,428B,448B,471B,498B,525B,558B,592B,619B,658B,698B,741B,782B,821B,861B,904B,950B,999B,1.05TR,1.03TR
India,470B,496B,519B,554B,596B,641B,667B,708B,771B,801B,839B,871B,940B,1.01TR,1.09TR,1.18TR,1.27TR,1.31TR,1.42TR,1.54TR,1.62TR,1.7TR,1.81TR,1.95TR,2.1TR,2.28TR,2.43TR,2.59TR,2.7TR,2.5TR
Ireland,82.1B,84.9B,87.1B,92.2B,101B,108B,120B,131B,145B,158B,167B,177B,182B,194B,205B,216B,227B,217B,206B,209B,212B,212B,214B,233B,292B,298B,324B,353B,371B,393B
Iran,211B,217B,219B,216B,221B,233B,234B,239B,241B,255B,257B,276B,300B,313B,323B,339B,367B,368B,372B,393B,404B,374B,373B,390B,385B,437B,453B,426B,397B,410B
Iraq,22.3B,29.6B,38.5B,40B,40.8B,45.3B,55B,74.1B,87.2B,102B,104B,95.2B,60.3B,92.5B,94B,99.4B,101B,110B,113B,121B,130B,148B,159B,159B,167B,190B,186B,191B,203B,171B
Iceland,,,,,9.14B,9.56B,10.1B,10.9B,11.3B,11.9B,12.3B,12.4B,12.7B,13.7B,14.5B,15.4B,16.7B,17.1B,15.8B,15.3B,15.6B,15.8B,16.5B,16.8B,17.5B,18.6B,19.4B,20.4B,20.8B,19.5B
Israel,,,,,140B,148B,154B,160B,166B,181B,181B,181B,183B,192B,200B,211B,224B,232B,234B,248B,262B,269B,282B,293B,300B,313B,327B,340B,353B,345B
Italy,1.58TR,1.6TR,1.58TR,1.62TR,1.66TR,1.68TR,1.72TR,1.75TR,1.77TR,1.84TR,1.88TR,1.88TR,1.89TR,1.91TR,1.93TR,1.96TR,1.99TR,1.97TR,1.87TR,1.9TR,1.91TR,1.86TR,1.82TR,1.82TR,1.84TR,1.86TR,1.89TR,1.91TR,1.92TR,1.75TR
Jamaica,11.3B,11.5B,12.6B,12.8B,13.1B,13.1B,12.9B,12.6B,12.7B,12.9B,13B,13.3B,13.8B,14B,14.1B,14.5B,14.7B,14.6B,13.9B,13.7B,14B,13.9B,14B,14.1B,14.2B,14.4B,14.5B,14.8B,14.9B,13.4B
Jordan,11.8B,13.5B,14.1B,14.8B,15.7B,16B,16.6B,17.1B,17.6B,18.4B,19.3B,20.5B,21.3B,23.1B,25B,27.1B,29.3B,31.4B,33B,33.7B,34.6B,35.5B,36.4B,37.6B,38.6B,39.4B,40.2B,41B,41.8B,41.1B
Japan,3.64TR,3.67TR,3.65TR,3.69TR,3.79TR,3.9TR,3.94TR,3.89TR,3.88TR,3.99TR,4TR,4TR,4.07TR,4.15TR,4.23TR,4.29TR,4.35TR,4.3TR,4.05TR,4.22TR,4.22TR,4.28TR,4.36TR,4.38TR,4.44TR,4.48TR,4.55TR,4.58TR,4.59TR,4.38TR
Kazakhstan,84.8B,80.3B,73B,63.8B,58.5B,58.8B,59.8B,58.7B,60.3B,66.2B,75.1B,82.5B,90.1B,98.8B,108B,120B,131B,135B,137B,147B,157B,165B,175B,182B,184B,186B,194B,202B,211B,206B
Kenya,30.9B,30.6B,30.7B,31.5B,32.9B,34.3B,34.5B,35.6B,36.4B,36.6B,38B,38.2B,39.3B,41.4B,43.8B,46.6B,49.8B,49.9B,51.6B,55.7B,58.6B,61.3B,63.6B,66.8B,70.1B,73.1B,75.9B,80.1B,84.1B,83.9B
Kyrgyz Republic,4.86B,4.19B,3.54B,2.83B,2.68B,2.87B,3.15B,3.22B,3.34B,3.52B,3.71B,3.71B,3.97B,4.24B,4.24B,4.37B,4.74B,5.14B,5.29B,5.26B,5.58B,5.57B,6.18B,6.43B,6.68B,6.97B,7.3B,7.57B,7.92B,7.24B
Cambodia,,,5.78B,3.76B,4.14B,4.38B,4.56B,4.77B,5.38B,5.91B,6.4B,6.82B,7.4B,8.16B,9.24B,10.2B,11.3B,12B,12B,12.8B,13.7B,14.7B,15.7B,16.9B,18B,19.3B,20.7B,22.2B,23.8B,23B
Kiribati,110M,111M,112M,114M,114M,116M,118M,125M,123M,131M,129M,134M,137M,135M,141M,141M,144M,141M,142M,141M,143M,150M,156M,155M,171M,180M,182M,188M,196M,192M
St. Kitts and Nevis,422M,440M,470M,495M,522M,552M,590M,587M,606M,667M,702M,712M,684M,711M,780M,805M,810M,859M,824M,819M,834M,816M,860M,914M,923M,1.05B,1.06B,1.08B,1.14B,973M
South Korea,445B,472B,505B,552B,605B,652B,693B,657B,732B,799B,838B,902B,931B,979B,1.02TR,1.07TR,1.14TR,1.17TR,1.18TR,1.26TR,1.31TR,1.34TR,1.38TR,1.43TR,1.47TR,1.51TR,1.56TR,1.6TR,1.64TR,1.62TR
Kosovo,,,,,,,,,,,,,,,,,,4.58B,4.81B,5.05B,5.37B,5.46B,5.75B,5.94B,6.3B,6.65B,6.97B,7.2B,7.55B,7.14B
Kuwait,,36.6B,49B,53.2B,55.7B,56.1B,57.5B,59.6B,58.5B,61.3B,61.4B,63.2B,74.2B,81.8B,90.5B,97.3B,103B,106B,98.2B,95.8B,105B,112B,113B,114B,115B,118B,112B,114B,114B,104B
Lao,2.85B,3.01B,3.19B,3.45B,3.69B,3.95B,4.22B,4.39B,4.71B,4.98B,5.27B,5.58B,5.92B,6.29B,6.74B,7.32B,7.88B,8.5B,9.13B,9.91B,10.7B,11.6B,12.5B,13.4B,14.4B,15.4B,16.5B,17.5B,18.5B,18.6B
Lebanon,14.8B,17.3B,19.1B,20.7B,22B,24.5B,24.7B,25.6B,25.5B,25.9B,26.8B,27.8B,28.7B,30.6B,31.4B,31.9B,34.9B,38B,41.9B,45.2B,45.6B,46.8B,48.6B,49.8B,50.1B,50.9B,51.3B,50.4B,46.8B,36.7B
Liberia,,,,,,,,,,2.21B,2.27B,2.36B,1.65B,1.69B,1.78B,1.92B,2.11B,2.26B,2.38B,2.52B,2.73B,2.95B,3.21B,3.23B,3.23B,3.18B,3.25B,3.29B,3.21B,3.12B
Libya,,,,,,,,,34.1B,35.3B,34.7B,34.4B,38.8B,40.6B,45.4B,48.3B,51.4B,52.8B,52.3B,55B,20.8B,46.5B,40.2B,30.5B,27.8B,27.1B,34.3B,39.5B,40.5B,27.8B
St. Lucia,1.17B,1.26B,1.27B,1.29B,1.31B,1.35B,1.34B,1.42B,1.46B,1.46B,1.41B,1.42B,1.48B,1.59B,1.58B,1.68B,1.71B,1.79B,1.74B,1.77B,1.86B,1.86B,1.8B,1.83B,1.81B,1.87B,1.94B,2B,2B,1.59B
Liechtenstein,,,,,,,,,,,,,,,,,,,,,,,,,6.27B,,,,,
Sri Lanka,22.7B,23.7B,25.4B,26.8B,28.3B,29.3B,31.2B,32.7B,34.1B,36.1B,35.6B,37B,39.2B,41.3B,43.9B,47.2B,50.5B,53.5B,55.3B,59.8B,64.8B,70.7B,73.1B,76.8B,80.6B,84.2B,87.2B,90.1B,92.1B,88.8B
Lesotho,1.03B,1.11B,1.14B,1.21B,1.25B,1.32B,1.37B,1.39B,1.4B,1.45B,1.51B,1.52B,1.59B,1.61B,1.67B,1.74B,1.81B,1.91B,1.89B,1.99B,2.08B,2.21B,2.25B,2.29B,2.36B,2.44B,2.37B,2.34B,2.33B,2.11B
Lithuania,,,,,17.9B,18.8B,20.4B,21.9B,21.7B,22.5B,23.9B,25.6B,28.3B,30.1B,32.4B,34.9B,38.7B,39.7B,33.8B,34.4B,36.5B,37.9B,39.2B,40.6B,41.4B,42.5B,44.3B,46.1B,48.2B,48.1B
Luxembourg,27.4B,27.9B,29.1B,30.2B,30.6B,31B,32.7B,34.9B,37.8B,40.4B,41.6B,43B,44.1B,45.9B,47.1B,49.9B,54B,53.8B,52.1B,54B,54.6B,55.5B,57.2B,58.7B,60.1B,63.1B,63.9B,65.2B,67.3B,66.1B
Latvia,,,,,12.4B,12.7B,13.8B,14.7B,15.1B,15.9B,16.9B,18.1B,19.7B,21.3B,23.6B,26.4B,29B,28.1B,24.1B,23B,23.6B,25.2B,25.8B,26.2B,27.3B,27.9B,28.8B,30B,30.7B,29.6B
"Macao, China",10.9B,12.3B,13B,13.5B,14B,13.9B,13.9B,13.2B,12.9B,13.7B,14.1B,15.3B,17.1B,21.7B,23.4B,26.6B,30.4B,31.4B,31.8B,39.8B,48.4B,52.9B,58.6B,57.4B,45B,44.7B,49.2B,52.4B,51.1B,23.5B
Morocco,41.3B,40.5B,40.2B,44.4B,42B,47.2B,46.5B,49.8B,50.4B,51.3B,55.1B,56.8B,60.2B,63.1B,65.2B,70.1B,72.6B,76.9B,80.1B,83.2B,87.5B,90.2B,94.3B,96.8B,101B,102B,107B,110B,113B,106B
Monaco,3.25B,3.29B,3.26B,3.33B,3.41B,3.44B,3.52B,3.64B,3.76B,3.91B,4B,4.04B,4.08B,4.18B,4.26B,4.51B,5.16B,5.19B,4.61B,4.7B,5.03B,5.08B,5.57B,5.97B,6.26B,6.48B,6.25B,6.62B,7.08B,6.25B
Moldova,,,,,4.44B,4.17B,4.24B,3.97B,3.83B,3.91B,4.15B,4.48B,4.77B,5.12B,5.51B,5.77B,5.95B,6.41B,6.02B,6.45B,6.83B,6.79B,7.4B,7.77B,7.75B,8.09B,8.47B,8.83B,9.16B,8.52B
Madagascar,6.08B,6.15B,6.28B,6.28B,6.39B,6.52B,6.77B,7.03B,7.36B,7.69B,8.15B,7.14B,7.84B,8.25B,8.64B,9.11B,9.63B,10.3B,9.86B,9.93B,10.1B,10.4B,10.6B,11B,11.3B,11.8B,12.2B,12.6B,13.2B,12.2B
Maldives,,,,,1.41B,1.52B,1.65B,1.77B,1.88B,1.95B,1.87B,2.01B,2.29B,2.42B,2.11B,2.66B,2.86B,3.13B,2.91B,3.12B,3.38B,3.47B,3.72B,3.99B,4.11B,4.37B,4.68B,5.07B,5.41B,3.6B
Mexico,653B,676B,689B,723B,677B,723B,773B,813B,835B,876B,873B,873B,885B,920B,941B,983B,1.01TR,1.02TR,964B,1.01TR,1.05TR,1.09TR,1.1TR,1.13TR,1.17TR,1.2TR,1.23TR,1.26TR,1.25TR,1.15TR
Marshall Islands,139M,149M,158M,168M,181M,163M,152M,151M,149M,151M,161M,167M,165M,166M,170M,170M,175M,164M,170M,181M,180M,176M,183M,181M,184M,186M,192M,199M,212M,208M
North Macedonia,6.84B,6.39B,5.92B,5.81B,5.75B,5.82B,5.9B,6.1B,6.36B,6.65B,6.45B,6.55B,6.69B,7B,7.33B,7.71B,8.21B,8.66B,8.63B,8.92B,9.13B,9.09B,9.35B,9.69B,10.1B,10.4B,10.5B,10.8B,11.2B,10.6B
Mali,4.69B,4.54B,4.69B,4.86B,4.91B,5.25B,5.51B,5.92B,6.26B,6.26B,7.22B,7.44B,8.12B,8.25B,8.79B,9.2B,9.52B,9.97B,10.5B,11B,11.4B,11.3B,11.5B,12.3B,13.1B,13.9B,14.6B,15.3B,16B,15.8B
Malta,3.79B,3.97B,4.15B,4.38B,4.66B,4.84B,5.09B,5.35B,5.6B,6.71B,6.63B,6.8B,7.07B,7.08B,7.32B,7.51B,7.87B,8.17B,8.07B,8.52B,8.56B,8.91B,9.4B,10.1B,11.1B,11.5B,12.5B,13.1B,13.9B,12.9B
Myanmar,7.7B,8.05B,8.67B,9.26B,9.93B,10.6B,11.2B,11.9B,12.9B,14.5B,16.3B,18.2B,20.6B,23.4B,26.5B,30.1B,33.8B,37.6B,41.5B,45.7B,49.1B,52.3B,56.4B,61B,63B,69.7B,73.7B,78.4B,83.7B,86.3B
Montenegro,,,,,,,2.73B,2.87B,2.6B,2.68B,2.71B,2.76B,2.83B,2.95B,3.08B,3.34B,3.57B,3.83B,3.61B,3.7B,3.82B,3.72B,3.85B,3.92B,4.05B,4.17B,4.37B,4.59B,4.78B,4.05B
Mongolia,3.49B,3.17B,3.07B,3.14B,3.34B,3.41B,3.54B,3.66B,3.77B,3.82B,3.93B,4.12B,4.4B,4.87B,5.23B,5.67B,6.25B,6.81B,6.72B,7.15B,8.39B,9.42B,10.5B,11.3B,11.6B,11.8B,12.5B,13.4B,14.2B,13.5B
Northern Mariana Islands,,,,,,,,,,,,1.61B,1.61B,1.56B,1.36B,1.27B,1.19B,1.05B,869M,881M,816M,823M,845M,880M,910M,1.18B,1.45B,1.17B,1.04B,
Mozambique,3B,2.82B,3.12B,3.32B,3.39B,3.77B,4.2B,4.62B,5.16B,5.22B,5.85B,6.39B,6.83B,7.37B,7.86B,8.63B,9.29B,9.97B,10.6B,11.3B,12.1B,13B,13.9B,14.9B,16B,16.6B,17.2B,17.8B,18.2B,18B
Mauritania,2.86B,2.91B,3.08B,2.99B,3.28B,3.47B,3.33B,3.42B,3.55B,3.41B,3.38B,3.43B,3.67B,3.84B,4.17B,4.93B,4.84B,4.82B,4.83B,4.95B,5.16B,5.39B,5.61B,5.85B,6.17B,6.24B,6.64B,6.94B,7.34B,7.21B
Mauritius,4.11B,4.38B,4.6B,4.79B,5B,5.28B,5.58B,5.92B,6.07B,6.57B,6.79B,6.9B,7.31B,7.62B,7.76B,8.14B,8.6B,9.06B,9.37B,9.78B,10.2B,10.5B,10.9B,11.3B,11.7B,12.1B,12.6B,13.1B,13.5B,11.5B
Malawi,2.54B,2.36B,2.59B,2.32B,2.71B,2.91B,3.02B,3.14B,3.23B,3.28B,3.12B,3.17B,3.35B,3.53B,3.65B,3.82B,4.19B,4.51B,4.88B,5.22B,5.47B,5.58B,5.87B,6.2B,6.37B,6.53B,6.79B,7.09B,7.48B,7.54B
Malaysia,81.8B,89B,97.8B,107B,117B,129B,139B,128B,136B,148B,149B,157B,166B,177B,187B,197B,210B,220B,217B,233B,245B,258B,271B,287B,301B,315B,333B,349B,365B,344B
Namibia,4.23B,4.54B,4.46B,4.54B,4.72B,4.87B,5.08B,5.24B,5.42B,5.61B,5.67B,5.95B,6.2B,6.96B,7.13B,7.64B,8.05B,8.26B,8.29B,8.79B,9.24B,9.7B,10.2B,10.9B,11.3B,11.3B,11.2B,11.3B,11.2B,10.3B
New Caledonia,,,,,,,,,,,,,,,,,,,,,,,,,8.74B,,,,,
Niger,3.84B,3.92B,3.93B,4.01B,4.1B,4.11B,4.17B,4.59B,4.58B,4.52B,4.85B,5.09B,5.2B,5.22B,5.6B,5.93B,6.12B,6.59B,6.72B,7.3B,7.47B,8.26B,8.7B,9.28B,9.68B,10.2B,10.8B,11.5B,12.2B,12.6B
Nigeria,152B,159B,156B,153B,153B,159B,164B,168B,169B,177B,188B,217B,233B,254B,271B,287B,306B,327B,353B,381B,401B,418B,446B,474B,487B,479B,483B,492B,503B,494B
Nicaragua,5.24B,5.26B,5.24B,5.41B,5.73B,6.1B,6.34B,6.57B,7.04B,7.32B,7.54B,7.6B,7.79B,8.2B,8.56B,8.91B,9.36B,9.68B,9.37B,9.78B,10.4B,11.1B,11.6B,12.2B,12.8B,13.3B,14B,13.5B,13B,12.7B
Netherlands,476B,485B,491B,505B,521B,539B,562B,589B,618B,644B,659B,661B,662B,675B,689B,713B,739B,755B,728B,738B,749B,741B,740B,751B,766B,782B,805B,824B,840B,808B
Cura√ßao,,,,,,,,,,2.98B,2.96B,2.98B,2.98B,2.99B,3.01B,3.06B,3.14B,3.2B,3.19B,3.19B,3.21B,3.2B,3.18B,3.14B,3.15B,3.12B,3.07B,3B,2.9B,2.36B
Norway,217B,225B,232B,243B,253B,266B,280B,288B,293B,303B,309B,314B,316B,329B,338B,346B,356B,358B,352B,354B,358B,367B,371B,378B,386B,390B,399B,403B,406B,404B
Nepal,8.8B,9.16B,9.51B,10.3B,10.7B,11.2B,11.8B,12.1B,12.7B,13.5B,14.1B,14.1B,14.7B,15.4B,15.9B,16.4B,17B,18B,18.9B,19.8B,20.4B,21.3B,22.1B,23.4B,24.4B,24.5B,26.7B,28.7B,30.6B,30B
Nauru,,,,,,,,,,,,,,34M,33M,36.1M,27.8M,34M,37.1M,41.2M,45.3M,50.5M,65.9M,83.4M,86.5M,89.6M,84.5M,89.6M,89.6M,90.7M
New Zealand,87B,87.9B,93.5B,98.3B,103B,107B,109B,110B,116B,119B,123B,129B,135B,140B,145B,149B,154B,152B,152B,154B,158B,161B,165B,172B,178B,185B,191B,198B,201B,204B
Oman,31.1B,33.7B,35.8B,37.2B,39B,40.2B,42.6B,43.8B,43.9B,46.8B,48.9B,48.3B,47B,47.7B,48.8B,51.5B,53.8B,58.2B,61.7B,62.8B,64.6B,70.3B,74B,75B,78.7B,82.7B,82.9B,84B,83.1B,80.4B
Pakistan,105B,113B,115B,119B,125B,131B,132B,136B,141B,146B,152B,155B,164B,177B,188B,200B,209B,213B,219B,222B,228B,236B,247B,258B,271B,286B,301B,319B,323B,320B
Panama,13.9B,15B,15.9B,16.3B,16.6B,17.3B,18.4B,19.7B,20.5B,21.1B,21.2B,21.7B,22.6B,24.3B,26B,28.3B,31.7B,34.8B,35.2B,37.3B,41.5B,45.5B,48.7B,51.2B,54.1B,56.8B,59.9B,62.2B,64B,52.5B
Peru,60.9B,60.6B,63.8B,71.6B,76.9B,79.1B,84.2B,83.9B,85.1B,87.4B,88B,92.7B,96.6B,101B,108B,116B,126B,137B,139B,150B,160B,170B,180B,184B,190B,197B,202B,210B,215B,191B
Philippines,107B,107B,109B,114B,119B,126B,133B,132B,137B,143B,147B,153B,160B,171B,179B,189B,201B,210B,213B,229B,237B,254B,271B,288B,306B,328B,351B,373B,396B,358B
Palau,,,,,,,,,,225M,239M,248M,240M,251M,261M,260M,265M,250M,234M,234M,250M,254M,245M,261M,280M,280M,271M,271M,266M,240M
Papua New Guinea,8.08B,9.2B,10.9B,11.5B,11.1B,12B,11.5B,11.1B,11.3B,11B,11B,11B,11.2B,11.5B,12.3B,12.9B,13.9B,13.9B,14.8B,16.3B,16.5B,17.3B,18B,20.4B,21.7B,22.9B,23.7B,23.7B,24.7B,23.9B
Poland,181B,186B,193B,203B,218B,231B,246B,257B,269B,281B,285B,291B,301B,316B,327B,347B,372B,387B,398B,413B,433B,438B,443B,458B,478B,493B,517B,544B,570B,556B
Puerto Rico,67.8B,70.9B,74.2B,77.3B,80.8B,82.7B,86.7B,91.5B,96.4B,99.6B,106B,107B,107B,116B,114B,112B,111B,109B,107B,106B,106B,106B,106B,104B,103B,102B,99.1B,95B,96.4B,92.7B
Portugal,152B,153B,150B,152B,158B,164B,171B,179B,186B,193B,197B,199B,197B,200B,202B,205B,210B,211B,204B,208B,204B,196B,194B,196B,199B,203B,211B,217B,222B,204B
Paraguay,17B,17.2B,18.1B,19.1B,20.4B,20.7B,21.6B,21.6B,21.3B,20.8B,20.6B,20.6B,21.5B,22.4B,22.8B,23.9B,25.2B,26.9B,26.8B,29.8B,31.1B,30.8B,33.4B,35.2B,36.2B,37.8B,39.6B,40.8B,40.7B,40.4B
Palestine,,,,5.06B,5.42B,5.48B,6.29B,7.19B,7.78B,7.12B,6.46B,5.65B,6.44B,7.85B,8.74B,8.65B,8.98B,9.65B,10.5B,11.1B,12.1B,12.9B,13.5B,13.5B,14B,15.2B,15.4B,15.6B,15.8B,14B
Qatar,,,,,,,,,,33.7B,35B,37.5B,38.9B,46.4B,49.9B,62.9B,74.2B,87.3B,97.8B,117B,133B,139B,147B,154B,162B,167B,164B,166B,167B,161B
Romania,101B,92.1B,93.5B,97.2B,103B,107B,102B,100B,99.6B,102B,107B,114B,116B,128B,134B,145B,156B,170B,161B,154B,157B,161B,167B,173B,178B,186B,200B,209B,217B,209B
Russia,1.1TR,943B,861B,753B,721B,694B,704B,667B,709B,780B,820B,859B,921B,988B,1.05TR,1.14TR,1.23TR,1.3TR,1.2TR,1.25TR,1.3TR,1.36TR,1.38TR,1.39TR,1.36TR,1.37TR,1.39TR,1.43TR,1.46TR,1.42TR
Rwanda,2.65B,2.8B,2.57B,1.28B,1.73B,1.95B,2.22B,2.42B,2.53B,2.74B,2.97B,3.36B,3.43B,3.69B,4.04B,4.41B,4.75B,5.27B,5.6B,6.02B,6.49B,7.06B,7.39B,7.84B,8.54B,9.05B,9.41B,10.2B,11.2B,10.8B
Saudi Arabia,326B,339B,334B,336B,337B,346B,350B,360B,346B,366B,361B,351B,390B,421B,445B,457B,466B,495B,485B,509B,560B,590B,606B,628B,654B,665B,660B,676B,679B,651B
Sudan,23.5B,25.1B,26.2B,26.5B,28.1B,29.7B,32.9B,34.3B,35.4B,37.6B,40.1B,42.5B,45.1B,47.5B,50.1B,53.4B,56.5B,58.6B,57B,59.2B,57.3B,47.6B,48.5B,50.8B,51.7B,53.5B,53.9B,52.5B,51.3B,49.4B
Senegal,7.85B,7.96B,8.06B,8.06B,8.5B,8.67B,8.94B,9.46B,10.1B,10.5B,10.9B,10.9B,11.5B,12.1B,12.6B,12.9B,13.2B,13.7B,14.1B,14.6B,14.8B,15.4B,15.7B,16.7B,17.8B,18.9B,20.3B,21.6B,22.5B,22.9B
Singapore,75.6B,80.6B,89.9B,99.8B,107B,115B,125B,122B,129B,140B,139B,144B,151B,166B,178B,194B,212B,215B,216B,247B,263B,274B,288B,299B,308B,318B,333B,344B,349B,330B
Solomon Islands,659M,743M,773M,835M,920M,935M,926M,938M,933M,800M,736M,716M,763M,813M,858M,900M,940M,995M,1.02B,1.11B,1.19B,1.21B,1.28B,1.29B,1.31B,1.38B,1.46B,1.52B,1.53B,1.47B
Sierra Leone,2.45B,1.98B,2.01B,1.97B,1.81B,1.84B,1.74B,1.77B,1.73B,1.85B,1.73B,2.19B,2.39B,2.55B,2.66B,2.78B,3B,3.16B,3.26B,3.44B,3.65B,4.21B,5.08B,5.31B,4.22B,4.47B,4.66B,4.82B,5.08B,4.98B
El Salvador,12.9B,13.8B,14.6B,15.3B,16B,16.1B,16.6B,17.1B,17.4B,17.6B,17.8B,18.1B,18.3B,18.5B,19B,19.8B,20.2B,20.6B,20.2B,20.6B,21.4B,22B,22.5B,22.9B,23.4B,24B,24.6B,25.2B,25.8B,23.6B
San Marino,,,,,,,1.25B,1.34B,1.46B,1.5B,1.58B,1.58B,1.65B,1.72B,1.76B,1.83B,1.96B,1.95B,1.75B,1.65B,1.52B,1.41B,1.4B,1.39B,1.42B,1.45B,1.46B,1.48B,1.51B,
Somalia,,,,,,,,,,,,,,,,,,,,,,,4.32B,4.64B,5.33B,5.78B,5.93B,6.38B,6.9B,7.07B
Serbia,,,,,21.2B,22.5B,24.2B,25B,22.6B,24B,25.7B,27.3B,28.5B,31.1B,32.8B,34.5B,36.7B,38.7B,37.7B,38B,38.7B,38.5B,39.6B,39B,39.7B,41B,41.8B,43.7B,45.6B,45.2B
South Sudan,,,,,,,,,,,,,,,,,,20.2B,21.2B,22.4B,21.3B,11.5B,13B,13.4B,12B,,,,,
Sao Tome and Principe,,,,,,,,,,,157M,160M,171M,177M,190M,207M,214M,231M,237M,253M,264M,272M,285M,304M,316M,329M,342M,352M,360M,371M
Suriname,2.74B,2.75B,2.57B,2.66B,2.66B,2.68B,2.84B,2.9B,2.86B,2.92B,3.04B,3.13B,3.33B,3.61B,3.77B,3.99B,4.19B,4.37B,4.5B,4.73B,5.01B,5.14B,5.29B,5.31B,5.13B,4.87B,4.95B,5.2B,5.25B,4.42B
Slovak Republic,,35.3B,36B,38.2B,40.4B,43.1B,45.7B,47.5B,47.5B,48B,49.6B,51.8B,54.7B,57.6B,61.4B,66.6B,73.8B,77.9B,73.7B,78.3B,80.4B,81.5B,82B,84.2B,88.6B,90.3B,93B,96.6B,99.1B,94.8B
Slovenia,,,,,26.4B,27.3B,28.6B,29.6B,31.2B,32.3B,33.3B,34.5B,35.5B,37.1B,38.5B,40.7B,43.5B,45.1B,41.7B,42.2B,42.6B,41.5B,41B,42.2B,43.1B,44.5B,46.6B,48.7B,50.3B,48.1B
Sweden,292B,289B,283B,294B,306B,311B,320B,334B,348B,365B,370B,378B,387B,404B,415B,435B,450B,448B,428B,454B,468B,465B,471B,483B,505B,516B,529B,539B,550B,534B
Eswatini,1.89B,1.95B,2.01B,2.06B,2.16B,2.24B,2.31B,2.37B,2.44B,2.48B,2.51B,2.62B,2.72B,2.82B,2.99B,3.17B,3.31B,3.34B,3.39B,3.52B,3.6B,3.79B,3.94B,3.97B,4.06B,4.11B,4.19B,4.29B,4.4B,4.32B
Sint Maarten (Dutch part),,,,,,,,,,,,,,,,,,,1.11B,1.14B,1.2B,1.21B,1.23B,1.25B,1.25B,1.26B,1.19B,1.11B,,
Seychelles,602M,646M,686M,680M,674M,708M,792M,859M,875M,888M,868M,878M,827M,803M,876M,958M,1.06B,1.03B,1.02B,1.08B,1.17B,1.18B,1.26B,1.31B,1.38B,1.44B,1.51B,1.54B,1.55B,1.39B
Syria,12.5B,14.1B,15B,16.1B,17.2B,18.9B,19.9B,21.2B,20.5B,20.6B,20.8B,21.6B,23.2B,24.8B,26.3B,27.7B,29.2B,30.5B,32.3B,34B,35B,25.8B,19B,17B,16.5B,15.6B,15.5B,15.7B,16.3B,
Turks and Caicos Islands,,,,,,,,,,,,,,,,,,,,,778M,770M,778M,846M,942M,1.01B,985M,1.04B,1.1B,802M
Chad,2.71B,2.93B,2.47B,2.72B,2.76B,2.82B,2.98B,3.18B,3.16B,3.13B,3.5B,3.8B,4.35B,5.82B,6.83B,6.87B,7.1B,7.31B,7.62B,8.65B,8.66B,9.43B,9.97B,10.7B,11B,10.3B,9.96B,10.2B,10.5B,10.4B
Togo,1.99B,1.91B,1.62B,1.87B,2.01B,2.19B,2.51B,2.45B,2.51B,2.49B,2.51B,2.61B,2.78B,2.75B,2.63B,2.69B,2.66B,2.77B,2.92B,3.1B,3.3B,3.52B,3.73B,3.95B,4.18B,4.41B,4.61B,4.83B,5.1B,5.19B
Thailand,156B,169B,183B,198B,214B,226B,219B,203B,212B,221B,229B,243B,261B,277B,289B,303B,319B,325B,323B,347B,350B,375B,385B,389B,401B,415B,432B,451B,461B,433B
Tajikistan,6.59B,4.68B,3.91B,3.08B,2.69B,2.24B,2.28B,2.4B,2.49B,2.7B,2.96B,3.28B,3.64B,4.01B,4.28B,4.58B,4.94B,5.33B,5.54B,5.9B,6.33B,6.81B,7.31B,7.8B,8.27B,8.84B,9.47B,10.2B,10.9B,11.4B
Turkmenistan,12.5B,10.7B,10.8B,8.95B,8.31B,8.86B,7.85B,8.41B,9.8B,10.3B,10.8B,10.8B,11.2B,11.7B,13.3B,14.7B,16.3B,18.7B,19.9B,21.7B,24.9B,27.7B,30.5B,33.6B,35.8B,38B,40.5B,43B,45.7B,
Timor-Leste,,,,,,,,,,833M,969M,904M,884M,888M,914M,877M,967M,1.08B,1.19B,1.3B,1.37B,1.44B,1.48B,1.55B,1.59B,1.65B,1.6B,1.59B,1.9B,2.09B
Tonga,278M,279M,289M,303M,326M,332M,336M,344M,357M,360M,373M,391M,400M,391M,391M,390M,392M,410M,389M,392M,419M,422M,423M,432M,437M,466M,481M,483M,486M,489M
Trinidad and Tobago,7.96B,8.76B,8.7B,9.01B,9.36B,10B,10.8B,11.7B,12.6B,13.5B,14B,15.1B,17.3B,18.7B,19.9B,22.5B,23.5B,24.3B,23.3B,24B,24B,24.3B,24.8B,24.6B,25B,23.6B,22.9B,22.9B,22.6B,20.8B
Tunisia,18.3B,19.7B,20.1B,20.8B,21.3B,22.8B,24B,25.2B,26.7B,28B,29B,29.4B,30.8B,32.7B,33.9B,35.6B,38B,39.6B,40.8B,42.3B,41.6B,43.2B,44.1B,45.3B,45.8B,46.3B,47.3B,48.5B,49.2B,44.7B
Turkey,291B,305B,329B,313B,338B,363B,391B,400B,387B,414B,390B,415B,439B,482B,525B,562B,590B,595B,566B,614B,683B,716B,776B,815B,864B,893B,960B,989B,997B,1.02TR
Tuvalu,20.7M,21.3M,22.2M,24.4M,23.2M,21.8M,24M,27.8M,27.3M,27.1M,27.5M,29.7M,28.7M,28.3M,27.2M,27.8M,29.6M,31.9M,30.5M,29.7M,31.9M,30.7M,32.1M,32.5M,35.5M,36.6M,38.1M,39M,42.8M,44.7M
Tanzania,14B,14.1B,14.3B,14.5B,15B,15.7B,16.3B,16.9B,17.7B,18.5B,19.6B,21B,22.4B,24.1B,25.9B,27.6B,29.4B,31.1B,32.7B,34.8B,37.5B,39.2B,41.8B,44.6B,47.4B,50.6B,54.1B,57B,60.3B,61.5B
Uganda,6.86B,7.09B,7.68B,8.18B,9.12B,9.95B,10.5B,11B,11.8B,12.2B,12.9B,14B,14.9B,15.9B,16.9B,18.7B,20.3B,22.1B,23.6B,24.9B,27.2B,28.3B,29.3B,30.8B,32.4B,33.9B,35B,37.2B,39.6B,40.8B
Ukraine,147B,133B,114B,87.9B,77.2B,69.4B,67.4B,66.1B,65.9B,69.8B,76B,80B,87.7B,98B,101B,109B,118B,120B,102B,106B,112B,112B,112B,101B,91B,93.3B,95.5B,98.8B,102B,97.9B
Uruguay,24.8B,26.8B,27.5B,29.5B,29.1B,30.7B,33.3B,34.8B,34.1B,33.5B,32.2B,29.7B,29.9B,31.4B,33.8B,35.2B,37.5B,40.2B,41.9B,45.1B,47.5B,49.1B,51.4B,53.1B,53.3B,54.2B,55.1B,55.3B,55.5B,52.3B
United States,9.79TR,10.1TR,10.4TR,10.8TR,11.1TR,11.5TR,12.1TR,12.6TR,13.2TR,13.7TR,13.9TR,14.1TR,14.5TR,15.1TR,15.6TR,16TR,16.3TR,16.3TR,15.9TR,16.3TR,16.6TR,16.9TR,17.3TR,17.7TR,18.2TR,18.6TR,19TR,19.6TR,20TR,19.3TR
Uzbekistan,32B,28.4B,27.7B,26.3B,26B,26.5B,27.9B,29.1B,30.3B,31.5B,32.8B,34.1B,35.5B,38.2B,40.8B,43.9B,48B,52.4B,56.6B,60.9B,65.5B,70.1B,75.2B,80.4B,86.2B,91.3B,95.3B,100B,106B,108B
St. Vincent and the Grenadines,399M,416M,445M,439M,473M,479M,496M,516M,530M,539M,548M,583M,627M,654M,670M,721M,745M,757M,741M,716M,713M,723M,737M,745M,755M,770M,777M,794M,798M,772M
Virgin Islands (U.S.),,,,,,,,,,,,4.69B,4.67B,4.82B,4.99B,5.17B,5.37B,5.44B,5.08B,5.11B,4.69B,4B,3.75B,3.68B,3.66B,3.72B,3.69B,3.75B,3.84B,
Vietnam,39B,42.4B,45.8B,49.9B,54.7B,59.8B,64.6B,68.4B,71.6B,76.5B,81.2B,86.3B,92.3B,99.3B,107B,114B,122B,129B,136B,145B,154B,162B,171B,181B,193B,205B,219B,235B,251B,259B
Vanuatu,399M,410M,413M,450M,455M,465M,488M,494M,495M,525M,507M,480M,501M,521M,549M,595M,612M,647M,666M,675M,696M,703M,706M,728M,731M,765M,813M,837M,870M,811M
Samoa,438M,437M,455M,444M,473M,507M,511M,522M,533M,570M,610M,636M,665M,696M,725M,739M,786M,793M,755M,759M,790M,758M,755M,755M,788M,852M,861M,850M,887M,864M
Yemen,25.4B,27.5B,28.6B,30.5B,32.3B,33.8B,35.5B,37.7B,39.1B,41.5B,43.1B,44.8B,46.5B,48.3B,51B,52.6B,54.4B,56.4B,58.5B,63B,55B,56.3B,59.1B,58.9B,42.4B,38.5B,36.5B,36.8B,,
South Africa,183B,179B,182B,187B,193B,201B,207B,208B,213B,222B,228B,236B,243B,254B,268B,283B,298B,307B,302B,312B,322B,329B,337B,342B,347B,349B,353B,358B,359B,336B
Zambia,6.84B,6.72B,7.18B,6.56B,6.75B,7.17B,7.44B,7.41B,7.76B,8.06B,8.49B,8.87B,9.49B,10.2B,10.9B,11.7B,12.7B,13.7B,15B,16.5B,17.4B,18.8B,19.7B,20.6B,21.3B,22.1B,22.8B,23.7B,24.1B,23.4B
Zimbabwe,17.9B,16.3B,16.4B,18B,18B,19.8B,20.4B,21B,20.8B,20.2B,20.5B,18.6B,15.5B,14.6B,13.7B,13.3B,12.8B,10.5B,11.8B,14.1B,16.1B,18.8B,19.2B,19.6B,20B,20.1B,21.1B,22.1B,20.7B,19.4B